{
    "sites": [
        {
            "url": "https://www.beachesandbeans.com",
            "price": "5.98",
            "last_response": "CARD_DECLINED",
            "gateway": "Normal"
        },
        {
            "url": "https://bixpy.com",
            "price": "1.25",
            "last_response": "CARD_DECLINED",
            "gateway": "Normal"
        },
        {
            "url": "https://expressionmed.com",
            "price": "5.9",
            "last_response": "CARD_DECLINED",
            "gateway": "Normal"
        },
        {
            "url": "https://glowproled.com",
            "price": "6.0",
            "last_response": "CARD_DECLINED",
            "gateway": "Normal"
        },
        {
            "url": "https://dtfmadness.com",
            "price": "20.5",
            "last_response": "CARD_DECLINED",
            "gateway": "Normal"
        },
        {
            "url": "https://www.pulpitobites.com",
            "price": "12.87",
            "last_response": "CARD_DECLINED",
            "gateway": "Normal"
        },
        {
            "url": "https://www.madfishen.com",
            "price": "8.74",
            "last_response": "3D_AUTHENTICATION",
            "gateway": "Normal"
        },
        {
            "url": "https://beehivehandmade.com",
            "price": "17.0",
            "last_response": "CARD_DECLINED",
            "gateway": "Normal"
        },
        {
            "url": "https://decadastore.com",
            "price": "15.94",
            "last_response": "CARD_DECLINED",
            "gateway": "Oceanpayment(Direct)"
        },
        {
            "url": "https://www.kociolekshomecomfort.com",
            "price": "14.9",
            "last_response": "CARD_DECLINED",
            "gateway": "Normal"
        },
        {
            "url": "https://store.chumbites.com",
            "price": "10.0",
            "last_response": "CARD_DECLINED",
            "gateway": "Normal"
        },
        {
            "url": "https://www.drinktropeka.com",
            "price": "29.01",
            "last_response": "3D_AUTHENTICATION",
            "gateway": "Normal"
        },
        {
            "url": "https://jesseitzler.com",
            "price": "14.9",
            "last_response": "FRAUD_SUSPECTED",
            "gateway": "Normal"
        },
        {
            "url": "https://borderlandcandles.com",
            "price": "21.44",
            "last_response": "CARD_DECLINED",
            "gateway": "Normal"
        },
        {
            "url": "https://johnstonfruitfarms.com",
            "price": "15.95",
            "last_response": "CARD_DECLINED",
            "gateway": "Normal"
        },
        {
            "url": "https://mountaincrunchies.com",
            "price": "12.9",
            "last_response": "CARD_DECLINED",
            "gateway": "Normal"
        },
        {
            "url": "https://www.botanicalinterests.com",
            "price": "32.24",
            "last_response": "CARD_DECLINED",
            "gateway": "Normal"
        },
        {
            "url": "https://goodkinsmen.com",
            "price": "34.9",
            "last_response": "CARD_DECLINED",
            "gateway": "Normal"
        },
        {
            "url": "https://www.leslieweaverart.com",
            "price": "125.0",
            "last_response": "CARD_DECLINED",
            "gateway": "Normal"
        },
        {
            "url": "https://wilmax.com",
            "price": "15.73",
            "last_response": "CARD_DECLINED",
            "gateway": "Normal"
        },
        {
            "url": "https://ucogear.com",
            "price": "13.98",
            "last_response": "CARD_DECLINED",
            "gateway": "Normal"
        },
        {
            "url": "https://bellaspetproducts.com",
            "price": "15.5",
            "last_response": "CARD_DECLINED",
            "gateway": "Normal"
        },
        {
            "url": "https://yallsweettea.com",
            "price": "7.52",
            "last_response": "CARD_DECLINED",
            "gateway": "Normal"
        },
        {
            "url": "https://www.theivorypalm.com",
            "price": "9.68",
            "last_response": "CARD_DECLINED",
            "gateway": "Normal"
        },
        {
            "url": "https://www.perchhome.com",
            "price": "23.9",
            "last_response": "CARD_DECLINED",
            "gateway": "Normal"
        },
        {
            "url": "https://cherrischocolart.com",
            "price": "12.29",
            "last_response": "CARD_DECLINED",
            "gateway": "Normal"
        },
        {
            "url": "https://www.pynefarms.com",
            "price": "14.71",
            "last_response": "FRAUD_SUSPECTED",
            "gateway": "Normal"
        },
        {
            "url": "https://arctic-ops.com",
            "price": "9.0",
            "last_response": "CARD_DECLINED",
            "gateway": "Normal"
        },
        {
            "url": "https://www.suratiworld.com",
            "price": "27.0",
            "last_response": "CARD_DECLINED",
            "gateway": "Normal"
        },
        {
            "url": "https://www.puresugarcandy.com",
            "price": "13.92",
            "last_response": "CARD_DECLINED",
            "gateway": "Normal"
        },
        {
            "url": "https://forwardfruitdesign.com",
            "price": "5.6",
            "last_response": "CARD_DECLINED",
            "gateway": "Normal"
        },
        {
            "url": "https://floridafruit.co",
            "price": "39.9",
            "last_response": "CARD_DECLINED",
            "gateway": "Normal"
        },
        {
            "url": "https://www.karavita.com",
            "price": "45.1",
            "last_response": "CARD_DECLINED",
            "gateway": "Normal"
        },
        {
            "url": "https://rosietheriveter.org",
            "price": "8.49",
            "last_response": "CARD_DECLINED",
            "gateway": "Normal"
        },
        {
            "url": "https://sandwichglassmuseum.org",
            "price": "38.0",
            "last_response": "CARD_DECLINED",
            "gateway": "Normal"
        },
        {
            "url": "https://recoverychip.com",
            "price": "8.05",
            "last_response": "CARD_DECLINED",
            "gateway": "Normal"
        },
        {
            "url": "https://store.rebeccazanetti.com",
            "price": "17.76",
            "last_response": "FRAUD_SUSPECTED",
            "gateway": "Normal"
        },
        {
            "url": "https://www.shotski.co",
            "price": "10.0",
            "last_response": "CARD_DECLINED",
            "gateway": "Normal"
        },
        {
            "url": "https://frederickgiftbasket.com",
            "price": "25.7",
            "last_response": "CARD_DECLINED",
            "gateway": "Normal"
        },
        {
            "url": "https://www.olenstechnology.com",
            "price": "12.94",
            "last_response": "FRAUD_SUSPECTED",
            "gateway": "Normal"
        },
        {
            "url": "https://www.rulebreakersnacks.com",
            "price": "19.99",
            "last_response": "CARD_DECLINED",
            "gateway": "Normal"
        },
        {
            "url": "https://jocelynchengart.com",
            "price": "23.71",
            "last_response": "CARD_DECLINED",
            "gateway": "Normal"
        }
    ]
}