{
    "sites": [
        {
            "url": "https://www.fillupbuttercup.com",
            "price": "10.64",
            "last_response": "CARD_DECLINED",
            "gateway": "Normal"
        },
        {
            "url": "https://www.malie.com",
            "price": "10.5",
            "last_response": "CARD_DECLINED",
            "gateway": "Normal"
        },
        {
            "url": "https://creationmusiccompany.com",
            "price": "15.94",
            "last_response": "CARD_DECLINED",
            "gateway": "Normal"
        },
        {
            "url": "https://www.sixthandzero.com",
            "price": "8.99",
            "last_response": "CARD_DECLINED",
            "gateway": "Normal"
        },
        {
            "url": "https://shop.bissellpetfoundation.org",
            "price": "7.0",
            "last_response": "CARD_DECLINED",
            "gateway": "Normal"
        },
        {
            "url": "https://shop.bushbeans.com",
            "price": "8.0",
            "last_response": "FRAUD_SUSPECTED",
            "gateway": "Normal"
        },
        {
            "url": "https://sweetpotatovillage.us",
            "price": "24.0",
            "last_response": "FRAUD_SUSPECTED",
            "gateway": "Normal"
        },
        {
            "url": "https://www.ruderecords.com",
            "price": "40.85",
            "last_response": "3D_AUTHENTICATION",
            "gateway": "Normal"
        },
        {
            "url": "https://shop.yankodesign.com",
            "price": "28.95",
            "last_response": "3D_AUTHENTICATION",
            "gateway": "Normal"
        },
        {
            "url": "https://58bd82.myshopify.com",
            "price": "9.9",
            "last_response": "CARD_DECLINED",
            "gateway": "Normal"
        },
        {
            "url": "https://store.therocketsummer.com",
            "price": "10.0",
            "last_response": "CARD_DECLINED",
            "gateway": "Normal"
        },
        {
            "url": "https://goldanddiamond.com",
            "price": "115.45",
            "last_response": "CARD_DECLINED",
            "gateway": "Normal"
        },
        {
            "url": "https://www.freedandfreed.com",
            "price": "70.0",
            "last_response": "3D_AUTHENTICATION",
            "gateway": "Normal"
        },
        {
            "url": "https://www.silkygem.com",
            "price": "12.27",
            "last_response": "CARD_DECLINED",
            "gateway": "Normal"
        },
        {
            "url": "https://chainlifelakeshop.com",
            "price": "33.33",
            "last_response": "CARD_DECLINED",
            "gateway": "Normal"
        },
        {
            "url": "https://shop.hooters.com",
            "price": "0.98",
            "last_response": "CARD_DECLINED",
            "gateway": "Normal"
        }
    ]
}